clt_rank,fea_rank,n_plies,w_clt_mm,w_fea_mm,sa_obj,sequence
1,N/A,24,0.002031,,0.12002,"[0, -45, 45, -45, 45, -45, 90, -45, 45, -45, 45, 45, 45, 45, -45, 45, -45, 90, -45, 45, -45, 45, -45, 0]"
2,N/A,20,0.003495,,0.100032,"[0, -45, -45, 45, 45, 45, -45, 45, -45, 90, 90, -45, 45, -45, 45, 45, 45, -45, -45, 0]"
3,N/A,4,0.387517,,0.026217,"[-45, 45, 45, -45]"
