angle_deg,Ex_eff_Pa
0,80500000.0
15,64947575.58963067
30,26636564.2748343
45,9279794.439934833
60,5988147.325314646
75,5667095.318555724
90,5700000.000000001
