ply_id,theta_deg,z_bot_mm,z_top_mm,sig_top_xx_Pa,sig_bot_xx_Pa
0,0,-0.5,-0.375,-7022634.109357768,-9363512.145810356
1,45,-0.375,-0.25,-625067.8951669584,-937601.8427504374
2,-45,-0.25,-0.125,-473283.0674290408,-946566.1348580816
3,90,-0.125,0.0,-2.938772958661003e-12,-136386.1751648076
4,90,0.0,0.125,136386.1751648076,-2.938772958661003e-12
5,-45,0.125,0.25,946566.1348580816,473283.0674290408
6,45,0.25,0.375,937601.8427504374,625067.8951669584
7,0,0.375,0.5,9363512.145810356,7022634.109357768
